[{"id":"ANALYSIS-001","content":"Examine project structure and directory organization","status":"completed","priority":"high"},{"id":"ANALYSIS-002","content":"Analyze package.json dependencies and build configuration","status":"completed","priority":"high"},{"id":"ANALYSIS-003","content":"Review TypeScript configuration and type setup","status":"completed","priority":"medium"},{"id":"ANALYSIS-004","content":"Examine Vite build configuration and optimizations","status":"completed","priority":"medium"},{"id":"ANALYSIS-005","content":"Analyze Tailwind CSS configuration and mobile-first approach","status":"completed","priority":"medium"},{"id":"ANALYSIS-006","content":"Review mobile device integration utilities","status":"completed","priority":"high"},{"id":"ANALYSIS-007","content":"Examine main application components and entry points","status":"completed","priority":"high"},{"id":"ANALYSIS-008","content":"Analyze project documentation and design philosophy","status":"completed","priority":"medium"},{"id":"ANALYSIS-009","content":"Review HTML structure and mobile viewport configuration","status":"completed","priority":"medium"},{"id":"ANALYSIS-010","content":"Compile comprehensive project analysis summary","status":"completed","priority":"high"}]